state,probability
00,0.0078125
01,0.0107421875
10,0.0087890625
11,0.97265625
