noise_level,success_probability,error_rate,variance
0.0,0.0,1.0,0.0
0.01,0.0,1.0,0.06890963719896048
0.05,0.0,1.0,0.015558615238708858
0.1,0.0,1.0,0.0056828827317125736
