noise_level,success_probability,error_rate,variance
0.0,0.1357421875,0.8642578125,4.172325134277344e-05
0.01,0.111328125,0.888671875,0.0035821909389337344
0.05,0.115234375,0.884765625,0.0019173622131347656
0.1,0.0859375,0.9140625,0.0014576315879821777
